team,elo
Spain,2033.8175910731004
Argentina,2014.55720892146
France,1964.955984729977
England,1905.0553579691048
Brazil,1895.6199137920544
Portugal,1888.154112447626
Netherlands,1884.314456759072
Colombia,1883.3057172304673
Germany,1882.8686564967588
Morocco,1876.113411766359
Japan,1869.1372231490338
Croatia,1847.6044711529391
Ecuador,1842.8982468108316
Italy,1834.7056339615883
Uruguay,1823.5671898425328
Senegal,1811.9069715114972
Switzerland,1808.3606092355835
Turkey,1804.8380786876385
Mexico,1804.806524409439
Iran,1795.764950612333
Australia,1793.7970940625846
South Korea,1791.8652192564123
Denmark,1787.444201069176
Belgium,1784.210166962888
Norway,1781.077242421439
Algeria,1772.1157019223745
United States,1764.8073733007177
Canada,1763.7991130130024
Austria,1759.687076960339
Uzbekistan,1753.3987513802906
Russia,1751.008750520599
Paraguay,1749.8990156319937
Serbia,1725.5758999523412
Egypt,1724.18799896698
Ivory Coast,1720.8767878877982
Panama,1716.9755311157621
Nigeria,1714.0728580591335
Venezuela,1713.4369784606301
Jersey,1712.600295030211
Ukraine,1707.415419949316
Tunisia,1706.6917069141534
Sweden,1706.2861711003097
Poland,1705.7059846931436
Iraq,1702.4782290152743
Greece,1699.7084819854672
Scotland,1697.0812581379712
Hungary,1695.2486770729092
Czech Republic,1687.516891489194
Chile,1686.1516423021906
Jordan,1679.2489219490737
Slovenia,1675.8128969027448
Wales,1673.564337850961
Costa Rica,1672.7950004005027
Basque Country,1670.5071318426371
Guernsey,1665.6040367543671
DR Congo,1658.103750945809
Cameroon,1656.290298100396
Saudi Arabia,1655.2297153549976
Peru,1654.8286789137285
Kosovo,1653.290409242335
Republic of Ireland,1651.0671181618318
New Zealand,1641.2786155159722
Mali,1638.4982157139254
United Arab Emirates,1631.2195072268246
Slovakia,1626.3047917892056
South Africa,1624.8701309997464
Qatar,1623.141008933488
Catalonia,1621.6990328342831
Burkina Faso,1619.2281213463348
Isle of Man,1615.8057350408335
Padania,1615.633193085397
Ynys Môn,1613.4076457865715
Northern Cyprus,1608.3710908987669
Bolivia,1607.9980831837875
Cape Verde,1606.9590939654613
Jamaica,1606.7047556506504
Georgia,1604.840067004757
Romania,1602.9966802442484
Bosnia and Herzegovina,1602.2664009709256
Honduras,1601.6250961655494
Albania,1594.1133772167007
Occitania,1593.835995098637
Haiti,1593.39807022276
Oman,1592.3364212514261
Ghana,1591.3854811107196
Isle of Wight,1590.6312900773605
Israel,1585.99986748849
Guatemala,1581.3262444380866
Andalusia,1577.249105590732
Abkhazia,1575.4444748009469
Kernow,1569.0732099006134
Réunion,1568.474460687673
Iraqi Kurdistan,1567.307327939643
North Macedonia,1563.9587437501598
Thailand,1557.2540632441478
Czechoslovakia,1555.348267905449
Yugoslavia,1552.4413129871518
Rhodes,1552.2478404640722
Northern Ireland,1550.0515724917125
County of Nice,1544.6820065016993
Kárpátalja,1544.532723056382
Syria,1543.9585048709714
Iceland,1542.2766008090202
Ellan Vannin,1540.3894247176795
Bahrain,1538.6719928511193
China PR,1538.5406506200895
Yorkshire,1538.0472449242427
German DR,1537.0467020833994
Tamil Eelam,1536.0784382811653
Angola,1535.458663039202
New Caledonia,1535.3951724130366
Corsica,1534.5659093755123
Suriname,1534.274401237828
Galicia,1533.155747578551
Kurdistan,1532.8228190423372
Artsakh,1532.0107712291885
Curaçao,1531.378422440475
Gabon,1531.230766259715
Finland,1528.6879440119942
Palestine,1524.2070727352755
Menorca,1524.0842410208531
Panjab,1523.3572103147646
Arameans Suryoye,1522.7203262948503
Libya,1521.2220602587142
Maule Sur,1519.4167345713752
Cascadia,1519.3987193270905
Benin,1518.9703544505803
Guinea,1518.8958471048095
Malaysia,1518.73179692568
Vietnam,1516.8890333399827
Tahiti,1511.6666721964893
Canary Islands,1510.7915041609028
Biafra,1510.6062702562836
Chameria,1510.5978207115181
Brittany,1510.3081067134324
Trinidad and Tobago,1509.9246978338444
Guadeloupe,1509.833171859744
Surrey,1509.3954191096366
Parishes of Jersey,1509.3753665779261
Crimea,1507.9983386300303
Elba Island,1507.6476410041953
Quebec,1507.2081832573592
Franconia,1505.047430101634
Silesia,1504.5134903255037
Donetsk PR,1503.7593923337945
Felvidék,1503.548080123565
Uganda,1502.6670639982622
Zambia,1502.6336411897414
Sealand,1501.6831628703178
Bulgaria,1501.3193776096766
Matabeleland,1500.3800938926595
Mapuche,1500.28774368332
Zanzibar,1499.8336958612228
United Koreans in Japan,1499.4751898351606
Saugeais,1499.143455892227
Délvidék,1498.4090510174155
Indonesia,1493.429853704492
Åland Islands,1493.411344149937
Madrid,1491.9662344052963
Cilento,1490.3598634537755
Somaliland,1489.8866704150691
Ryūkyū,1489.8348364318538
Seborga,1489.7535795299805
Luhansk PR,1489.7519954861732
Yoruba Nation,1489.7329424587315
Shetland,1488.509034922365
Western Armenia,1487.9171724985467
Republic of St. Pauli,1487.7783759766623
West Papua,1487.700606076765
Kuwait,1487.1579448487378
East Turkestan,1487.1503974928746
Hmong,1487.0082036481347
Palau,1486.8110629330051
Gozo,1482.8214720181452
Gambia,1482.3743282847167
North Korea,1481.2481486372126
Kabylia,1481.2009520459924
Belarus,1481.1640851440968
Martinique,1480.9827605399644
Chechnya,1480.5816882798274
South Ossetia,1480.4107790254159
Aymara,1480.2955217453048
Fiji,1480.116651121754
Madagascar,1479.3782556407484
Montenegro,1478.851616132689
Monaco,1478.514291571623
Mozambique,1478.4568789365317
El Salvador,1478.051308002686
Romani people,1476.6521843091152
Ticino,1475.669499417005
Székely Land,1474.9372595338214
Kenya,1474.7991101007017
Găgăuzia,1474.0773609636724
Sápmi,1473.7163101616848
Provence,1472.439958378127
Dominican Republic,1471.5415463329746
Western Isles,1468.1911642725245
Papua New Guinea,1467.317653825353
Marshall Islands,1466.6752382134107
Greenland,1465.904878881826
Western Sahara,1464.957826169734
Nicaragua,1464.4673692523068
Two Sicilies,1462.8411959474977
Vanuatu,1462.7522715032333
Equatorial Guinea,1462.5335582124767
Saint Barthélemy,1462.013557626476
Guyana,1461.30728165731
Gotland,1460.9469865569106
Sark,1460.6601254236402
Tajikistan,1460.0756911617968
Togo,1460.017451373564
Kyrgyzstan,1457.5411499510647
Vatican City,1455.8163889906366
Ambazonia,1451.9662430149124
Barawa,1450.7971605692228
Mayotte,1450.2321169449854
Orkney,1448.7853443070294
Rwanda,1448.533809139244
Comoros,1447.352998715628
Niger,1446.416769330814
Micronesia,1445.843436430302
Solomon Islands,1444.4892307772266
Sierra Leone,1443.062060621121
French Guiana,1441.9939025135925
Sudan,1440.9479734857769
Lebanon,1440.6575693958457
Kazakhstan,1439.867832653624
Wallis Islands and Futuna,1438.799247378581
Darfur,1436.6184011906457
Mauritania,1436.3503273294841
Zimbabwe,1435.443517191142
Raetia,1435.2863730832735
Saint Pierre and Miquelon,1434.2862507382167
Saint Helena,1431.442725535504
Malawi,1429.1723017633556
Kiribati,1426.3695135970409
Namibia,1426.1759874919105
Chagos Islands,1425.6558687954803
Hitra,1423.0744890176834
Botswana,1416.3219246150222
Cuba,1415.155089374136
Puerto Rico,1412.5452570981597
Turkmenistan,1411.328603360909
Tanzania,1409.9498518769988
Liberia,1406.3969375104364
Armenia,1403.0287962274979
Luxembourg,1402.5607897810162
Ethiopia,1402.5145435716886
Burundi,1398.0272123722875
Estonia,1396.1314371940475
Sint Maarten,1393.3332252895643
Faroe Islands,1389.7138729627861
Saint Vincent and the Grenadines,1389.646729206292
Azerbaijan,1389.3214079852528
Lesotho,1388.9771374124552
Saare County,1387.815990348478
Guinea-Bissau,1386.216829234895
Hong Kong,1383.6433799771548
Bermuda,1381.7411321658692
Samoa,1378.6828608592168
Singapore,1377.3011518534252
Central African Republic,1374.9822779699184
Saint Kitts and Nevis,1374.7478034491323
Congo,1374.5292899787892
Cyprus,1371.4176882505644
Philippines,1370.348064144369
Tuvalu,1369.841222687886
Tibet,1367.7089078422114
India,1358.7171017942617
Falkland Islands,1354.43176478838
Grenada,1352.6899431465172
Saint Martin,1351.1080345477487
Belize,1347.5969835445983
Malta,1340.637460554874
Frøya,1339.6816219861587
Yemen,1337.3837836277532
Bonaire,1336.6716894411918
Saint Lucia,1334.9204956575036
Montserrat,1334.0133609690806
Latvia,1330.7629745195331
Eswatini,1328.6255690765004
South Sudan,1316.967431351137
Moldova,1315.3730621444165
Afghanistan,1311.574613538253
Lithuania,1310.423468080802
Cook Islands,1308.5538305361767
Aruba,1296.7580355847685
Antigua and Barbuda,1296.23501345632
Chad,1291.410883773107
Eritrea,1288.8781879373516
Alderney,1284.3511876732455
Dominica,1282.1615289918434
Mauritius,1277.2737401564464
Tonga,1275.2564008814547
Myanmar,1267.9264913333136
Turks and Caicos Islands,1263.698315438301
Northern Mariana Islands,1261.4571624609769
Barbados,1260.7982998550165
São Tomé and Príncipe,1258.943782540821
Cayman Islands,1258.4947403859476
Bangladesh,1256.4035136374332
Nepal,1245.7755697157422
American Samoa,1229.14888291131
Taiwan,1228.9336578901427
Maldives,1211.3943926867319
Bahamas,1208.5416045497843
Cambodia,1196.3020356055329
Mongolia,1191.9238442039293
United States Virgin Islands,1191.6791996938634
British Virgin Islands,1187.1911740948651
Guam,1181.639174358874
Somalia,1180.3499041292116
Gibraltar,1174.055073770829
Djibouti,1171.1541029268399
Sri Lanka,1169.9826877353833
Pakistan,1168.1919979104487
Andorra,1158.8386402709996
Laos,1147.3121541068172
Brunei,1145.8574276421284
Seychelles,1131.2070975014856
Anguilla,1129.0926606610128
Bhutan,1099.6498742657766
Macau,1094.2412255252038
Timor-Leste,1085.8366566967525
Liechtenstein,1072.8631772136227
San Marino,1006.9526897633642
